{"y": 0.0, "x1": -0.46689316630363464, "x2": 0.17315435409545898, "x3": -0.7963605523109436, "x4": -0.5492779612541199, "x5": -0.7032354474067688, "x6": -0.3952697515487671, "x7": -0.7760513424873352, "x8": -0.6251701712608337, "x9": 0.5392679572105408, "x10": 0.0796641930937767, "x11": -0.5642457604408264, "x12": -0.015576714649796486, "x13": -0.10743950307369232, "x14": -1.422106146812439, "x15": -0.41272851824760437, "x16": -0.25587186217308044, "x17": 1.5874419212341309, "x18": 0.7361840605735779, "x19": 0.036217156797647476, "x20": -0.05620132386684418, "x21": -0.5827867388725281, "x22": 0.28151798248291016, "x23": 0.01011771708726883, "x24": 0.2917134463787079, "x25": 0.21350476145744324, "x26": 0.6474186778068542, "x27": -0.9763304591178894, "x28": 0.13240720331668854, "x29": 0.4074588716030121, "x30": 0.887924313545227, "x31": 0.33177298307418823, "x32": -0.3788692057132721, "x33": -0.7514446973800659, "x34": 0.5417154431343079, "x35": 1.2677841186523438, "x36": -0.3276079595088959, "x37": 1.1985846757888794, "x38": 0.45195305347442627, "x39": -0.16311413049697876, "x40": -0.24123112857341766, "x41": 0.9958218932151794, "x42": -0.3099063038825989, "x43": -0.5639294981956482, "x44": -0.1461039036512375, "x45": 0.4570764899253845, "x46": -0.6543980836868286, "x47": -0.7096708416938782, "x48": -1.2313103675842285, "x49": -1.243293046951294}