{"y": 1.0, "x1": 3.289921522140503, "x2": 2.104351282119751, "x3": 13.392450332641602, "x4": 1.9363747835159302, "x5": 3.2017741203308105, "x6": 6.439723014831543, "x7": 5.712723731994629, "x8": 3.1260478496551514, "x9": 2.305652379989624, "x10": 2.0179858207702637, "x11": 4.837182998657227, "x12": 7.082775115966797, "x13": 1.740695595741272, "x14": 1.5503370761871338, "x15": 4.917115211486816, "x16": 1.8959848880767822, "x17": 1.9367966651916504, "x18": 5.108669281005859, "x19": 19.371253967285156, "x20": 31.179346084594727, "x21": 4.4860405921936035, "x22": 2.8983612060546875, "x23": 2.849966287612915, "x24": 5.142663955688477, "x25": 19.300277709960938, "x26": 126.31838989257812, "x27": 3.716909170150757, "x28": 3.826937198638916, "x29": 7.354096412658691, "x30": 31.075626373291016, "x31": 1.5097386837005615, "x32": 4.764155864715576, "x33": 24.636856079101562, "x34": 2.6853277683258057, "x35": 3.414957284927368, "x36": 3.2847654819488525, "x37": 3.3161540031433105, "x38": 5.080447673797607, "x39": 2.9437553882598877, "x40": 3.12216854095459, "x41": 3.6327688694000244, "x42": 6.235889911651611, "x43": 6.635782718658447, "x44": 7.266788482666016, "x45": 6.759708881378174, "x46": 25.27793312072754, "x47": 3.6852145195007324, "x48": 3.71992564201355, "x49": 4.402766227722168}