{"y": 0.0, "x1": 0.1964596062898636, "x2": -0.3332374095916748, "x3": 0.2500317692756653, "x4": 1.0335590839385986}