{"y": 1.0, "x1": 3.503504753112793, "x2": 20.64676284790039, "x3": 3.626095771789551, "x4": 4.231356143951416}