{"y": 0.0, "x1": -0.03434237837791443, "x2": 0.2130625993013382, "x3": -0.6962279081344604, "x4": -0.11605869978666306, "x5": 0.0018337374785915017, "x6": -0.5951263904571533, "x7": -0.5588600039482117, "x8": -1.36211359500885, "x9": 0.3892260491847992}