{"y": 0.0, "x1": -1.589429259300232, "x2": -0.019361380487680435, "x3": -0.8645436763763428, "x4": -0.7113332748413086, "x5": -0.8057509660720825, "x6": 0.24496929347515106, "x7": -0.2684069871902466, "x8": 1.3225866556167603, "x9": 1.923294186592102}