{"y": 1.0, "x1": 15.712153434753418, "x2": 2.597721576690674, "x3": 5.754784107208252, "x4": 8.869490623474121, "x5": 5.455321788787842, "x6": 2.7932326793670654, "x7": 4.3304219245910645, "x8": 1.7091243267059326, "x9": 9.49782943725586}