{"y": 1.0, "x1": 1.135164499282837, "x2": 2.3545939922332764, "x3": 1.7807337045669556, "x4": 10.369596481323242, "x5": 7.0013322830200195, "x6": 2.8391287326812744, "x7": 1.7243690490722656, "x8": 1.0260649919509888, "x9": 0.9747220277786255}