{"x1": 0.0, "x2": 0.0, "x3": 0.0, "x4": 0.0, "x5": 2.5044004917144775, "x6": 0.5764806270599365, "x7": -1.1488687992095947, "x8": 1.385034203529358, "x9": 0.10109753906726837, "x10": 0.7697630524635315, "x11": -1.2517865896224976, "y": -1.1030634641647339, "x12": -1.3977962732315063, "x13": 0.6807502508163452, "x14": -0.9106292724609375, "x15": -1.0046920776367188, "x16": 0.26644280552864075, "x17": -0.5369991660118103, "x18": -0.6904915571212769, "x19": -2.0036585330963135, "x20": 0.7810611128807068, "x21": -0.06176168471574783, "x22": 0.4393761456012726, "x23": 0.1262172907590866, "x24": -0.5378849506378174, "x25": -0.8799721598625183, "x26": -0.4355853796005249, "x27": -0.5019868016242981, "x28": -0.3066723644733429, "x29": -0.4354558289051056, "x30": 0.00043071864638477564, "x31": -1.2363141775131226, "x32": -1.2272815704345703, "x33": 0.14138273894786835, "x34": 0.5599554777145386, "x35": -1.2045226097106934, "x36": 0.14639782905578613, "x37": 0.18396328389644623, "x38": -0.2517786920070648, "x39": 0.4312729239463806, "x40": 0.11339520663022995, "x41": 0.33785387873649597, "x42": -0.8873392939567566, "x43": -0.5854392647743225, "x44": -0.5581661462783813, "x45": 0.3166416585445404, "x46": -0.08223364502191544, "x47": -0.5896041393280029, "x48": -0.24035906791687012, "x49": -0.4809260070323944, "x50": -0.02331281267106533, "x51": -0.30672237277030945, "x52": 0.027649326249957085, "x53": 0.3749583661556244, "x54": -0.645058810710907, "x55": -0.27315083146095276, "x56": 0.1998542994260788, "x57": -0.7182765603065491, "x58": -0.7862949371337891, "x59": 0.04939756914973259, "x60": -0.09390253573656082, "x61": -0.3307953476905823, "x62": -0.3239515423774719, "x63": -0.16764786839485168, "x64": -0.24719154834747314, "x65": -0.7308733463287354, "x66": 0.33092179894447327, "x67": -0.41775089502334595, "x68": -0.48102062940597534, "x69": -0.9225018620491028, "x70": -0.54474937915802, "x71": 0.4042260944843292, "x72": 0.3908900022506714, "x73": -0.5432813167572021, "x74": 0.32310330867767334, "x75": -1.0617226362228394, "x76": -0.38980963826179504, "x77": 0.025498975068330765, "x78": -1.204595923423767, "x79": 0.049611903727054596, "x80": 0.06700972467660904, "x81": -0.05560963228344917, "x82": -0.11309216171503067, "x83": -0.20941458642482758, "x84": -0.3224392235279083, "x85": 0.8004722595214844, "x86": -0.33840617537498474, "x87": 0.4051288366317749, "x88": 0.1209878996014595, "x89": -0.49689981341362, "x90": -0.6298140287399292, "x91": 0.06392025202512741, "x92": -0.753156304359436, "x93": -0.4286893606185913, "x94": -0.7116861939430237, "x95": 0.08528776466846466, "x96": -0.68782639503479, "x97": -0.8577358722686768, "x98": -0.12144377082586288, "x99": 0.4929240345954895}