{"x1": 1.0, "x2": 1.0, "x3": 1.0, "x4": 1.0, "x5": 0.5933362245559692, "x6": 1.6747779846191406, "x7": 1.3144347667694092, "x8": 1.0773168802261353, "x9": 0.952013373374939, "x10": 2.549377202987671, "x11": 1.131164789199829, "y": 1.6882332563400269, "x12": 1.1126115322113037, "x13": 2.8404734134674072, "x14": 1.0990251302719116, "x15": 2.919273853302002, "x16": 2.126180410385132, "x17": 1.6370489597320557, "x18": 1.7481902837753296, "x19": 1.7476118803024292, "x20": 1.9062920808792114, "x21": 1.4865353107452393, "x22": 2.2699711322784424, "x23": 2.4180266857147217, "x24": 4.263373851776123, "x25": 1.3282859325408936, "x26": 1.49089777469635, "x27": 1.962090253829956, "x28": 1.383365511894226, "x29": 1.3852627277374268, "x30": 1.1953198909759521, "x31": 2.6681950092315674, "x32": 3.0326576232910156, "x33": 2.617253303527832, "x34": 2.579364776611328, "x35": 2.396881341934204, "x36": 2.340597629547119, "x37": 2.8004884719848633, "x38": 2.0664379596710205, "x39": 3.274303674697876, "x40": 2.2302181720733643, "x41": 2.5221762657165527, "x42": 1.8369653224945068, "x43": 3.064629554748535, "x44": 1.6549140214920044, "x45": 1.8733229637145996, "x46": 2.586336851119995, "x47": 1.7066354751586914, "x48": 1.903923749923706, "x49": 2.0605735778808594, "x50": 2.7392220497131348, "x51": 2.3167831897735596, "x52": 4.5199971199035645, "x53": 1.947195291519165, "x54": 2.5141704082489014, "x55": 3.965937852859497, "x56": 2.58601975440979, "x57": 3.030850648880005, "x58": 2.994874954223633, "x59": 2.927561044692993, "x60": 5.25749397277832, "x61": 4.816521167755127, "x62": 3.942532777786255, "x63": 3.96096134185791, "x64": 3.068826198577881, "x65": 1.8065751791000366, "x66": 3.3397207260131836, "x67": 3.0464859008789062, "x68": 2.6495585441589355, "x69": 3.0567798614501953, "x70": 1.8226484060287476, "x71": 2.7128350734710693, "x72": 3.166591167449951, "x73": 5.8497538566589355, "x74": 5.194137096405029, "x75": 2.699279546737671, "x76": 3.321672201156616, "x77": 3.6296160221099854, "x78": 2.1609890460968018, "x79": 1.9369511604309082, "x80": 3.603595495223999, "x81": 4.457343578338623, "x82": 2.9840304851531982, "x83": 2.6341490745544434, "x84": 2.184016227722168, "x85": 3.5762550830841064, "x86": 2.1324450969696045, "x87": 4.439370155334473, "x88": 3.8340907096862793, "x89": 3.221137762069702, "x90": 3.7556111812591553, "x91": 2.594449281692505, "x92": 2.685689926147461, "x93": 3.425401210784912, "x94": 2.673361301422119, "x95": 5.470094203948975, "x96": 2.239932060241699, "x97": 2.053321599960327, "x98": 3.8919835090637207, "x99": 2.5362656116485596}