{"y": 0.0, "x1": 0.0, "x2": 0.14092978835105896, "x3": 0.12437649071216583, "x4": 0.6867581009864807, "x5": 0.292178750038147, "x6": 0.9107223749160767, "x7": 0.3775932490825653, "x8": 0.48110824823379517, "x9": 0.8040005564689636, "x10": -0.9012474417686462, "x11": -0.7141808867454529, "x12": 6.258256912231445, "x13": 0.08028510957956314, "x14": -2.4811086654663086, "x15": 0.013259691186249256, "x16": 0.4720253050327301, "x17": 0.04842441901564598, "x18": 0.34680676460266113, "x19": 0.9823942184448242}