{"y": 1.0, "x1": 1.0, "x2": 2.6139044761657715, "x3": 3.4829676151275635, "x4": 1.3243426084518433, "x5": 3.273160934448242, "x6": 7.5767316818237305, "x7": 3.0081217288970947, "x8": 8.73538875579834, "x9": 3.8449623584747314, "x10": 1.2220070362091064, "x11": 0.6422725915908813, "x12": 0.36820822954177856, "x13": 17.198535919189453, "x14": 0.5952712893486023, "x15": 1.620340347290039, "x16": 3.5940558910369873, "x17": 0.9119678139686584, "x18": 2.4363579750061035, "x19": 1.158861517906189}